<application>
  <component name="com.intellij.ide.ui.customization.CustomActionsSchema">
    <group value="Vcs.UpdateProject" is_action="true" action_type="-1" position="1">
      <path value="root" />
      <path value="Main Toolbar" />
      <path value="MainToolBarSettings" />
      <path value="VCS Actions" />
      <option name="myInitialPosition" value="-1" />
    </group>
    <group value="Git.Pull" is_action="true" action_type="1" position="2">
      <path value="root" />
      <path value="Main Toolbar" />
      <path value="MainToolBarSettings" />
      <path value="VCS Actions" />
      <option name="myInitialPosition" value="-1" />
    </group>
    <group value="Vcs.Push" is_action="true" action_type="1" position="3">
      <path value="root" />
      <path value="Main Toolbar" />
      <path value="MainToolBarSettings" />
      <path value="VCS Actions" />
      <option name="myInitialPosition" value="-1" />
    </group>
    <group seperator="true" action_type="1" position="6">
      <path value="root" />
      <path value="Main Toolbar" />
      <path value="MainToolBarSettings" />
      <path value="VCS Actions" />
      <option name="myInitialPosition" value="-1" />
    </group>
    <group value="Git.Stash" is_action="true" action_type="1" position="7">
      <path value="root" />
      <path value="Main Toolbar" />
      <path value="MainToolBarSettings" />
      <path value="VCS Actions" />
      <option name="myInitialPosition" value="-1" />
    </group>
    <group value="Git.Unstash" is_action="true" action_type="1" position="8">
      <path value="root" />
      <path value="Main Toolbar" />
      <path value="MainToolBarSettings" />
      <path value="VCS Actions" />
      <option name="myInitialPosition" value="-1" />
    </group>
    <group seperator="true" action_type="1" position="9">
      <path value="root" />
      <path value="Main Toolbar" />
      <path value="MainToolBarSettings" />
      <path value="VCS Actions" />
      <option name="myInitialPosition" value="-1" />
    </group>
    <group seperator="true" action_type="1" position="9">
      <path value="root" />
      <path value="VCS Operations Popup" />
      <path value="Vcs.Operations.Popup.VcsAware" />
      <option name="myInitialPosition" value="-1" />
    </group>
    <group value="Git.ResolveConflicts" is_action="true" action_type="1" position="10">
      <path value="root" />
      <path value="Main Toolbar" />
      <path value="MainToolBarSettings" />
      <path value="VCS Actions" />
      <option name="myInitialPosition" value="-1" />
    </group>
    <group value="Git.Pull" is_action="true" action_type="1" position="10">
      <path value="root" />
      <path value="VCS Operations Popup" />
      <path value="Vcs.Operations.Popup.VcsAware" />
      <option name="myInitialPosition" value="-1" />
    </group>
    <group value="Vcs.Push" is_action="true" action_type="1" position="11">
      <path value="root" />
      <path value="VCS Operations Popup" />
      <path value="Vcs.Operations.Popup.VcsAware" />
      <option name="myInitialPosition" value="-1" />
    </group>
    <group value="Diff.ShowDiff" is_action="true" action_type="1" position="12">
      <path value="root" />
      <path value="VCS Operations Popup" />
      <path value="Vcs.Operations.Popup.VcsAware" />
      <option name="myInitialPosition" value="-1" />
    </group>
    <action id="Git.ResolveConflicts" icon="$USER_HOME$/Pictures/resolve_conflicts.png" />
    <action id="Git.Stash" icon="$USER_HOME$/Pictures/stash.png" />
    <action id="Git.Unstash" icon="$USER_HOME$/Pictures/unstash.png" />
  </component>
</application>