<application>
  <component name="UpdatesConfigurable">
    <ignoredBuildNumbers>
      <item value="192.6262.63" />
      <item value="192.6603.34" />
      <item value="192.7142.42" />
      <item value="193.6494.30" />
      <item value="201.6668.115" />
    </ignoredBuildNumbers>
    <option name="LAST_BUILD_CHECKED" value="PY-193.6911.25" />
    <option name="LAST_TIME_CHECKED" value="1587546191098" />
    <option name="THIRD_PARTY_PLUGINS_ALLOWED" value="true" />
  </component>
</application>